"Chrom","Position","Reference","Alternate","cHGVS","pHGVS","gHGVS","Annotation","Splice Change","European (n=7325)","African (n=2559)","Overall Frequency"
"17","33434399","","A","c.330dupT","p.S111_G112delinsX","17:33434399 > A","nonsense","","1","0","0.000101"
"17","33446148","T","C","c.A126G","p.K42K","17:33446148 T > C","silent","","0","1","0.000101"
"17","33434423","T","C","c.A307G","p.T103A","17:33434423 T > C","missense","","0","1","0.000101"
"17","33434074","T","C","c.A413G","p.N138S","17:33434074 T > C","missense","","2","0","0.000202"
"17","33430515","T","G","c.A625C","p.T209P","17:33430515 T > G","missense","","1","0","0.000101"
"17","33430474","T","C","c.A666G","p.E222E","17:33430474 T > C","silent","donor:2","7","26","0.00334"
"17","33430313","T","C","c.A698G","p.E233G","17:33430313 T > C","missense","","241","20","0.0264"
"17","33428223","T","C","c.A900G","p.R300R","17:33428223 T > C","silent","","1","0","0.000101"
"17","33446621","G","C","c.C12G","p.L4L","17:33446621 G > C","silent","","1","0","0.000101"
"17","33446600","G","A","c.C33T","p.G11G","17:33446600 G > A","silent","","1","0","0.000101"
"17","33446595","G","A","c.C38T","p.T13I","17:33446595 G > A","missense","","1","0","0.000101"
"17","33446594","G","C","c.C39G","p.T13T","17:33446594 G > C","silent","","1","4","0.000506"
"17","33446137","G","C","c.C137G","p.S46C","17:33446137 G > C","missense","","2","0","0.000202"
"17","33445637","G","A","c.C146T","p.A49V","17:33445637 G > A","missense","acceptor:2","7","25","0.00324"
"17","33445598","G","A","c.C185T","p.S62L","17:33445598 G > A","missense","","1","0","0.000101"
"17","33445588","G","A","c.C195T","p.P65P","17:33445588 G > A","silent","","2","1","0.000304"
"17","33445567","G","A","c.C216T","p.Y72Y","17:33445567 G > A","silent","","1","0","0.000101"
"17","33445550","G","A","c.C233T","p.S78F","17:33445550 G > A","missense","","1","0","0.000101"
"17","33445549","G","A","c.C234T","p.S78S","17:33445549 G > A","silent","","1287","1333","0.265"
"17","33434434","G","A","c.C296T","p.T99I","17:33434434 G > A","missense","","1","0","0.000101"
"17","33434397","G","A","c.C333T","p.S111S","17:33434397 G > A","silent","","0","1","0.000101"
"17","33434051","G","A","c.C436T","p.L146F","17:33434051 G > A","missense","","0","2","0.000202"
"17","33434049","G","A","c.C438T","p.L146L","17:33434049 G > A","silent","","0","1","0.000101"
"17","33433488","G","A","c.C493T","p.R165W","17:33433488 G > A","missense","","1","1","0.000202"
"17","33430520","G","A","c.C620T","p.S207L","17:33430520 G > A","missense","","3","0","0.000304"
"17","33430511","G","A","c.C629T","p.A210V","17:33430511 G > A","missense","","1","0","0.000101"
"17","33430502","G","A","c.C638T","p.S213F","17:33430502 G > A","missense","","1","0","0.000101"
"17","33430482","G","C","c.C658G","p.Q220E","17:33430482 G > C","missense","","1","0","0.000101"
"17","33430317","G","A","c.C694T","p.R232X","17:33430317 G > A","nonsense","","1","0","0.000101"
"17","33428366","G","C","c.C757G","p.R253G","17:33428366 G > C","missense","","1","0","0.000101"
"17","33428352","G","A","c.C771T","p.S257S","17:33428352 G > A","silent","","2","29","0.00314"
"17","33428339","G","T","c.C784A","p.P262T","17:33428339 G > T","missense","","1","0","0.000101"
"17","33428327","G","A","c.C796T","p.R266C","17:33428327 G > A","missense","","1","0","0.000101"
"17","33428259","G","A","c.C864T","p.G288G","17:33428259 G > A","silent","","2","0","0.000202"
"17","33428250","G","A","c.C873T","p.R291R","17:33428250 G > A","silent","","5","47","0.00526"
"17","33428245","G","A","c.C878T","p.A293V","17:33428245 G > A","missense","","1","0","0.000101"
"17","33428240","G","C","c.C883G","p.L295V","17:33428240 G > C","missense","","1","0","0.000101"
"17","33427976","G","A","c.C983T","p.T328I","17:33427976 G > A","missense","","1","5","0.000607"
"17","33446607","C","G","c.G26C","p.C9S","17:33446607 C > G","missense","","8","2","0.00101"
"17","33446602","C","G","c.G31C","p.G11R","17:33446602 C > G","missense","","1","0","0.000101"
"17","33446571","C","A","c.G62T","p.R21M","17:33446571 C > A","missense","","1","0","0.000101"
"17","33446143","C","T","c.G131A","p.G44D","17:33446143 C > T","missense","","2","0","0.000202"
"17","33445587","C","T","c.G196A","p.V66M","17:33445587 C > T","missense","","1","0","0.000101"
"17","33445581","C","T","c.G202A","p.G68S","17:33445581 C > T","missense","","1","0","0.000101"
"17","33445578","C","T","c.G205A","p.A69T","17:33445578 C > T","missense","","1","0","0.000101"
"17","33445575","C","T","c.G208A","p.D70N","17:33445575 C > T","missense","","2","0","0.000202"
"17","33434429","C","G","c.G301C","p.E101Q","17:33434429 C > G","missense","","0","2","0.000202"
"17","33434093","C","T","c.G394A","p.V132I","17:33434093 C > T","missense","","1","0","0.000101"
"17","33434053","C","T","c.G434A","p.R145H","17:33434053 C > T","missense","","0","4","0.000405"
"17","33433487","C","T","c.G494A","p.R165Q","17:33433487 C > T","missense","","1896","164","0.208"
"17","33433413","C","T","c.G568A","p.A190T","17:33433413 C > T","missense","","0","21","0.00212"
"17","33430316","C","T","c.G695A","p.R232Q","17:33430316 C > T","missense","","6","65","0.00718"
"17","33428365","C","T","c.G758A","p.R253Q","17:33428365 C > T","missense","","1","0","0.000101"
"17","33428330","C","T","c.G793A","p.G265R","17:33428330 C > T","missense","","2","1","0.000304"
"17","33428299","C","T","c.G824A","p.R275Q","17:33428299 C > T","missense","","0","1","0.000101"
"17","33428251","C","T","c.G872A","p.R291H","17:33428251 C > T","missense","","2","0","0.000202"
"17","33428244","C","T","c.G879A","p.A293A","17:33428244 C > T","silent","","2","0","0.000202"
"17","33428049","C","A","c.G910T","p.G304C","17:33428049 C > A","missense","","1","0","0.000101"
"17","33428040","C","T","c.G919A","p.E307K","17:33428040 C > T","missense","","0","21","0.00212"
"17","33428015","C","T","c.G944A","p.G315E","17:33428015 C > T","missense","","1","0","0.000101"
"17","33427986","C","T","c.G973A","p.G325S","17:33427986 C > T","missense","","1","0","0.000101"
"17","33434132","A","G","c.T355C","p.C119R","17:33434132 A > G","missense","","1","0","0.000101"
"17","33428027","A","T","c.T932A","p.I311N","17:33428027 A > T","missense","","3","0","0.000304"
"17","33428026","A","C","c.T933G","p.I311M","17:33428026 A > C","missense","","1","0","0.000101"
"17","33443879","G","A","","","17:33443879 G > A","intronic","donor:2","2","0","0.000202"
"17","33443889","G","C","","","17:33443889 G > C","intronic","","0","4","0.000405"
"17","33443892","C","G","","","17:33443892 C > G","intronic","","1","0","0.000101"
"17","33443893","G","A","","","17:33443893 G > A","intronic","","3","0","0.000304"
"17","33443915","C","T","","","17:33443915 C > T","intronic","","3","0","0.000304"
"17","33443920","A","T","","","17:33443920 A > T","intronic","","1","0","0.000101"
"17","33443932","T","C","","","17:33443932 T > C","intronic","","30","2","0.00324"
"17","33443949","A","G","","","17:33443949 A > G","intronic","","0","17","0.00172"
"17","33443950","A","T","","","17:33443950 A > T","intronic","","0","9","0.000911"
"17","33443966","G","A","","","17:33443966 G > A","intronic","","1","0","0.000101"
"17","33444011","G","A","","","17:33444011 G > A","intronic","","7","25","0.00324"
"17","33444042","G","A","","","17:33444042 G > A","intronic","","2","8","0.00101"
"17","33444046","G","A","","","17:33444046 G > A","intronic","","2","0","0.000202"