"","gene","variant_id","rs_i_ds","clin_var_clinical_significance","Population","vep_annotation","hgvsg"
"1","rad51c","17-56811511-T-C","rs1399862812","Benign","African_american","missense_variant","chr17:g.56811511T>C"
"2","rad51c","17-56811529-A-G","rs763424319","Benign","African_american","missense_variant","chr17:g.56811529A>G"
"3","rad51c","17-56772330-CAA-C","rs1362744420","Pathogenic","African_american","frameshift_variant","chr17:g.56772331_56772332del"
"4","rad51c","17-56780555-A-G","rs145310733","Pathogenic","African_american","splice_acceptor_variant","chr17:g.56780555A>G"
"5","rad51c","17-56801410-G-A","rs876659874","Pathogenic","African_american","stop_gained","chr17:g.56801410G>A"
"6","rad51c","17-56770007-G-A","rs769053886","Uncertain","African_american","start_lost","chr17:g.56770007G>A"
"7","rad51c","17-56770023-C-A","rs759759863","Uncertain","African_american","missense_variant","chr17:g.56770023C>A"
"8","rad51c","17-56770032-A-T","rs1452865935","Uncertain","African_american","missense_variant","chr17:g.56770032A>T"
"9","rad51c","17-56770125-G-C","rs879254131","Uncertain","African_american","missense_variant","chr17:g.56770125G>C"
"10","rad51c","17-56770139-G-C","rs371608994","Uncertain","African_american","missense_variant","chr17:g.56770139G>C"
"11","rad51c","17-56772335-T-G","rs730881923","Uncertain","African_american","missense_variant","chr17:g.56772335T>G"
"12","rad51c","17-56772486-G-A","rs786203690","Uncertain","African_american","missense_variant","chr17:g.56772486G>A"
"13","rad51c","17-56772500-G-C","rs768238518","Uncertain","African_american","start_lost","chr17:g.56772500G>C"
"14","rad51c","17-56772543-C-G","rs387907159","Uncertain","African_american","missense_variant","chr17:g.56772543C>G"
"15","rad51c","17-56772551-GTAAAA-G","rs757693213","Uncertain","African_american","splice_donor_variant","chr17:g.56772552_56772556del"
"16","rad51c","17-56774067-G-C","rs730881938","Uncertain","African_american","missense_variant","chr17:g.56774067G>C"
"17","rad51c","17-56774083-C-T","rs1291341143","Uncertain","African_american","missense_variant","chr17:g.56774083C>T"
"18","rad51c","17-56774100-G-C","rs753912045","Uncertain","African_american","missense_variant","chr17:g.56774100G>C"
"19","rad51c","17-56774173-C-T","rs1192165096","Uncertain","African_american","missense_variant","chr17:g.56774173C>T"
"20","rad51c","17-56798152-G-A","rs746571208","Uncertain","African_american","missense_variant","chr17:g.56798152G>A"
"21","rad51c","17-56798159-T-C","rs143026267","Uncertain","African_american","missense_variant","chr17:g.56798159T>C"
"22","rad51c","17-56801418-G-T","rs185057307","Uncertain","African_american","missense_variant","chr17:g.56801418G>T"
"23","rad51c","17-56801418-G-A","rs185057307","Uncertain","African_american","missense_variant","chr17:g.56801418G>A"
"24","rad51c","17-56801419-C-G","rs786203498","Uncertain","African_american","missense_variant","chr17:g.56801419C>G"
"25","rad51c","17-56809847-T-G","rs587782045","Uncertain","African_american","missense_variant","chr17:g.56809847T>G"
"26","rad51c","17-56811546-C-T","rs755838887","Uncertain","African_american","missense_variant","chr17:g.56811546C>T"
"27","rad51c","17-56783937-A-G","rs1399988029","Not_annotated","African_american","missense_variant","chr17:g.56783937A>G"
"28","rad51c","17-56783947-T-C","rs1313735168","Not_annotated","African_american","missense_variant","chr17:g.56783947T>C"
"29","rad51c","17-56772359-TAAACC-T","rs1236535742","Pathogenic","Non_finnish_european","frameshift_variant","chr17:g.56772360_56772364del"
"30","rad51c","17-56772369-T-TA","rs1187784678","Pathogenic","Non_finnish_european","stop_gained","chr17:g.56772369_56772370insA"
"31","rad51c","17-56772543-C-T","rs387907159","Pathogenic","Non_finnish_european","stop_gained","chr17:g.56772543C>T"
"32","rad51c","17-56772550-G-A","rs767796996","Pathogenic","Non_finnish_european","stop_gained","chr17:g.56772550G>A"
"33","rad51c","17-56774063-G-C","rs267606999","Pathogenic","Non_finnish_european","missense_variant","chr17:g.56774063G>C"
"34","rad51c","17-56774145-GT-G","rs746993675","Pathogenic","Non_finnish_european","frameshift_variant","chr17:g.56774146del"
"35","rad51c","17-56774151-A-T","rs587781490","Pathogenic","Non_finnish_european","stop_gained","chr17:g.56774151A>T"
"36","rad51c","17-56774172-G-GC","rs587780838","Pathogenic","Non_finnish_european","frameshift_variant","chr17:g.56774172_56774173insC"
"37","rad51c","17-56780556-G-T","rs1413872299","Pathogenic","Non_finnish_european","splice_acceptor_variant","chr17:g.56780556G>T"
"38","rad51c","17-56787218-A-G","rs587780259","Pathogenic","Non_finnish_european","splice_acceptor_variant","chr17:g.56787218A>G"
"39","rad51c","17-56787287-G-A","rs267606997","Pathogenic","Non_finnish_european","missense_variant","chr17:g.56787287G>A"
"40","rad51c","17-56787287-GT-G","rs267606997","Pathogenic","Non_finnish_european","frameshift_variant","chr17:g.56787288del"
"41","rad51c","17-56787332-CA-C","rs1466185247","Pathogenic","Non_finnish_european","frameshift_variant","chr17:g.56787333del"
"42","rad51c","17-56798105-A-T","rs748589398","Pathogenic","Non_finnish_european","splice_acceptor_variant","chr17:g.56798105A>T"
"43","rad51c","17-56809908-CAGT-C","rs1313421513","Pathogenic","Non_finnish_european","inframe_deletion","chr17:g.56809909_56809911del"
"44","rad51c","17-56811581-T-C","rs377262060","Pathogenic","Non_finnish_european","stop_lost","chr17:g.56811581T>C"
"45","rad51c","17-56770020-T-C","rs749498443","Not_annotated","Non_finnish_european","missense_variant","chr17:g.56770020T>C"
"46","rad51c","17-56770042-A-G","rs777004225","Not_annotated","Non_finnish_european","missense_variant","chr17:g.56770042A>G"
"47","rad51c","17-56770081-A-C","rs746026526","Not_annotated","Non_finnish_european","missense_variant","chr17:g.56770081A>C"
"48","rad51c","17-56770083-CTGGTGTCTGCGGGGTTCCAG-C","rs786201775","Not_annotated","Non_finnish_european","frameshift_variant","chr17:g.56770084_56770103del"
"49","rad51c","17-56772292-A-G","rs750291220","Not_annotated","Non_finnish_european","missense_variant","chr17:g.56772292A>G"
"50","rad51c","17-56772451-C-G","rs755106004","Not_annotated","Non_finnish_european","missense_variant","chr17:g.56772451C>G"
"51","rad51c","17-56774118-T-A","rs745755962","Not_annotated","Non_finnish_european","missense_variant","chr17:g.56774118T>A"
"52","rad51c","17-56774221-G-A","rs746870368","Not_annotated","Non_finnish_european","splice_donor_variant","chr17:g.56774221G>A"
"53","rad51c","17-56783878-T-G","rs1210109651","Not_annotated","Non_finnish_european","missense_variant","chr17:g.56783878T>G"
"54","rad51c","17-56783901-C-CT","rs907120156","Not_annotated","Non_finnish_european","frameshift_variant","chr17:g.56783901_56783902insT"
"55","rad51c","17-56783914-C-T","rs1454747083","Not_annotated","Non_finnish_european","missense_variant","chr17:g.56783914C>T"
"56","rad51c","17-56783967-A-G","rs1229887763","Not_annotated","Non_finnish_european","missense_variant","chr17:g.56783967A>G"
"57","rad51c","17-56787257-TTCG-T","rs1395385227","Not_annotated","Non_finnish_european","inframe_deletion","chr17:g.56787258_56787260del"
"58","rad51c","17-56801435-AATCTTTC-A","rs786201953","Not_annotated","Non_finnish_european","frameshift_variant","chr17:g.56801436_56801442del"
"59","rad51c","17-56809913-T-A","rs1201281084","Not_annotated","Non_finnish_european","missense_variant","chr17:g.56809913T>A"
"60","rad51c","17-56770008-C-T","rs758029117","Uncertain","Non_finnish_european","missense_variant","chr17:g.56770008C>T"
"61","rad51c","17-56770018-C-G","rs201523760","Uncertain","Non_finnish_european","missense_variant","chr17:g.56770018C>G"
"62","rad51c","17-56770021-T-A","rs771332058","Uncertain","Non_finnish_european","missense_variant","chr17:g.56770021T>A"
"63","rad51c","17-56770023-C-G","rs759759863","Uncertain","Non_finnish_european","missense_variant","chr17:g.56770023C>G"
"64","rad51c","17-56770033-T-G","rs730881936","Uncertain","Non_finnish_european","missense_variant","chr17:g.56770033T>G"
"65","rad51c","17-56770034-G-T","rs775871420","Uncertain","Non_finnish_european","missense_variant","chr17:g.56770034G>T"
"66","rad51c","17-56770036-A-G","rs730881937","Uncertain","Non_finnish_european","missense_variant","chr17:g.56770036A>G"
"67","rad51c","17-56770038-C-G","rs28910276","Uncertain","Non_finnish_european","missense_variant","chr17:g.56770038C>G"
"68","rad51c","17-56770057-C-T","rs754498936","Uncertain","Non_finnish_european","missense_variant","chr17:g.56770057C>T"
"69","rad51c","17-56770081-A-T","rs746026526","Uncertain","Non_finnish_european","missense_variant","chr17:g.56770081A>T"
"70","rad51c","17-56770110-G-A","rs773998134","Uncertain","Non_finnish_european","missense_variant","chr17:g.56770110G>A"
"71","rad51c","17-56770119-C-G","rs759149207","Uncertain","Non_finnish_european","missense_variant","chr17:g.56770119C>G"
"72","rad51c","17-56770150-G-GTT","rs757128712","Uncertain","Non_finnish_european","splice_donor_variant","chr17:g.56770150_56770151insTT"
"73","rad51c","17-56772336-A-T","rs770335248","Uncertain","Non_finnish_european","missense_variant","chr17:g.56772336A>T"
"74","rad51c","17-56772339-A-G","rs1227348505","Uncertain","Non_finnish_european","missense_variant","chr17:g.56772339A>G"
"75","rad51c","17-56772360-A-G","rs775224480","Uncertain","Non_finnish_european","missense_variant","chr17:g.56772360A>G"
"76","rad51c","17-56772394-A-G","rs1333679774","Uncertain","Non_finnish_european","missense_variant","chr17:g.56772394A>G"
"77","rad51c","17-56772398-G-T","rs786202890","Uncertain","Non_finnish_european","missense_variant","chr17:g.56772398G>T"
"78","rad51c","17-56772420-G-A","rs765304898","Uncertain","Non_finnish_european","missense_variant","chr17:g.56772420G>A"
"79","rad51c","17-56772426-G-A","rs1277411638","Uncertain","Non_finnish_european","missense_variant","chr17:g.56772426G>A"
"80","rad51c","17-56772433-C-G","rs750381200","Uncertain","Non_finnish_european","missense_variant","chr17:g.56772433C>G"
"81","rad51c","17-56772471-G-T","rs778313181","Uncertain","Non_finnish_european","missense_variant","chr17:g.56772471G>T"
"82","rad51c","17-56772481-G-C","rs370212314","Uncertain","Non_finnish_european","missense_variant","chr17:g.56772481G>C"
"83","rad51c","17-56772519-G-A","rs142058115","Uncertain","Non_finnish_european","missense_variant","chr17:g.56772519G>A"
"84","rad51c","17-56772538-A-T","rs762761380","Uncertain","Non_finnish_european","missense_variant","chr17:g.56772538A>T"
"85","rad51c","17-56774068-T-A","rs767247010","Uncertain","Non_finnish_european","missense_variant","chr17:g.56774068T>A"
"86","rad51c","17-56774077-A-G","rs587780255","Uncertain","Non_finnish_european","missense_variant","chr17:g.56774077A>G"
"87","rad51c","17-56774089-G-A","rs764177838","Uncertain","Non_finnish_european","missense_variant","chr17:g.56774089G>A"
"88","rad51c","17-56774103-G-T",NA,"Uncertain","Non_finnish_european","missense_variant","chr17:g.56774103G>T"
"89","rad51c","17-56774112-G-A","rs755879664","Uncertain","Non_finnish_european","missense_variant","chr17:g.56774112G>A"
"90","rad51c","17-56774116-T-A","rs1435180142","Uncertain","Non_finnish_european","missense_variant","chr17:g.56774116T>A"
"91","rad51c","17-56774134-G-A","rs35151472","Uncertain","Non_finnish_european","missense_variant","chr17:g.56774134G>A"
"92","rad51c","17-56774146-T-C","rs765300465","Uncertain","Non_finnish_european","missense_variant","chr17:g.56774146T>C"
"93","rad51c","17-56774155-T-C","rs587780256","Uncertain","Non_finnish_european","missense_variant","chr17:g.56774155T>C"
"94","rad51c","17-56774197-T-C","rs756727559","Uncertain","Non_finnish_european","missense_variant","chr17:g.56774197T>C"
"95","rad51c","17-56774199-G-A","rs1060502604","Uncertain","Non_finnish_european","missense_variant","chr17:g.56774199G>A"
"96","rad51c","17-56774214-G-C","rs1330937621","Uncertain","Non_finnish_european","missense_variant","chr17:g.56774214G>C"
"97","rad51c","17-56774217-G-A","rs779932777","Uncertain","Non_finnish_european","missense_variant","chr17:g.56774217G>A"
"98","rad51c","17-56780605-A-G","rs587781921","Uncertain","Non_finnish_european","missense_variant","chr17:g.56780605A>G"
"99","rad51c","17-56780606-T-A","rs786201848","Uncertain","Non_finnish_european","missense_variant","chr17:g.56780606T>A"
"100","rad51c","17-56780607-A-G","rs771078849","Uncertain","Non_finnish_european","missense_variant","chr17:g.56780607A>G"
"101","rad51c","17-56780609-T-G","rs775006411","Uncertain","Non_finnish_european","missense_variant","chr17:g.56780609T>G"
"102","rad51c","17-56780629-A-G","rs1483938000","Uncertain","Non_finnish_european","missense_variant","chr17:g.56780629A>G"
"103","rad51c","17-56780672-C-G","rs780177888","Uncertain","Non_finnish_european","missense_variant","chr17:g.56780672C>G"
"104","rad51c","17-56780690-G-T","rs755849719","Uncertain","Non_finnish_european","missense_variant","chr17:g.56780690G>T"
"105","rad51c","17-56787224-G-A","rs370393672","Uncertain","Non_finnish_european","missense_variant","chr17:g.56787224G>A"
"106","rad51c","17-56787232-A-T","rs863224806","Uncertain","Non_finnish_european","missense_variant","chr17:g.56787232A>T"
"107","rad51c","17-56787235-G-A","rs184033132","Uncertain","Non_finnish_european","missense_variant","chr17:g.56787235G>A"
"108","rad51c","17-56787259-C-T","rs28363311","Uncertain","Non_finnish_european","missense_variant","chr17:g.56787259C>T"
"109","rad51c","17-56787262-C-T","rs531540031","Uncertain","Non_finnish_european","missense_variant","chr17:g.56787262C>T"
"110","rad51c","17-56787263-A-G","rs1060502597","Uncertain","Non_finnish_european","missense_variant","chr17:g.56787263A>G"
"111","rad51c","17-56787272-A-G","rs1060502592","Uncertain","Non_finnish_european","missense_variant","chr17:g.56787272A>G"
"112","rad51c","17-56787293-G-C","rs730881926","Uncertain","Non_finnish_european","missense_variant","chr17:g.56787293G>C"
"113","rad51c","17-56787307-C-G","rs759072716","Uncertain","Non_finnish_european","missense_variant","chr17:g.56787307C>G"
"114","rad51c","17-56798138-T-C","rs749645694","Uncertain","Non_finnish_european","missense_variant","chr17:g.56798138T>C"
"115","rad51c","17-56798143-A-G","rs775208053","Uncertain","Non_finnish_european","missense_variant","chr17:g.56798143A>G"
"116","rad51c","17-56809857-G-C","rs770652503","Uncertain","Non_finnish_european","missense_variant","chr17:g.56809857G>C"
"117","rad51c","17-56811495-A-T","rs111614311","Uncertain","Non_finnish_european","missense_variant","chr17:g.56811495A>T"
"118","rad51c","17-56811513-C-T","rs761770500","Uncertain","Non_finnish_european","missense_variant","chr17:g.56811513C>T"
"119","rad51c","17-56811524-CAAACAGAAGGTTCCTTGAGCACCCGGAAACGGTCACG-C","rs1343626760","Uncertain","Non_finnish_european","frameshift_variant","chr17:g.56811525_56811561del"
"120","rad51c","17-56811542-A-G","rs587782565","Uncertain","Non_finnish_european","stop_lost","chr17:g.56811542A>G"
"121","rad51c","17-56811546-C-G","rs755838887","Uncertain","Non_finnish_european","missense_variant","chr17:g.56811546C>G"
"122","rad51c","17-56811561-G-A","rs373170458","Uncertain","Non_finnish_european","missense_variant","chr17:g.56811561G>A"
"123","rad51c","17-56770008-C-A","rs758029117","Not_annotated","Latino_admixed_american","missense_variant","chr17:g.56770008C>A"
"124","rad51c","17-56770134-T-G","rs1367536740","Not_annotated","Latino_admixed_american","missense_variant","chr17:g.56770134T>G"
"125","rad51c","17-56772429-C-A","rs1317173760","Not_annotated","Latino_admixed_american","missense_variant","chr17:g.56772429C>A"
"126","rad51c","17-56783949-G-A","rs1434108243","Not_annotated","Latino_admixed_american","missense_variant","chr17:g.56783949G>A"
"127","rad51c","17-56772552-T-C","rs730881931","Pathogenic","Latino_admixed_american","splice_donor_variant","chr17:g.56772552T>C"
"128","rad51c","17-56770008-C-G","rs758029117","Uncertain","Latino_admixed_american","missense_variant","chr17:g.56770008C>G"
"129","rad51c","17-56770063-C-T","rs786203944","Uncertain","Latino_admixed_american","missense_variant","chr17:g.56770063C>T"
"130","rad51c","17-56770093-C-T","rs1000113630","Uncertain","Latino_admixed_american","missense_variant","chr17:g.56770093C>T"
"131","rad51c","17-56770131-C-T","rs1442559963","Uncertain","Latino_admixed_american","missense_variant","chr17:g.56770131C>T"
"132","rad51c","17-56772373-C-G","rs760175119","Uncertain","Latino_admixed_american","missense_variant","chr17:g.56772373C>G"
"133","rad51c","17-56772394-A-C","rs1333679774","Uncertain","Latino_admixed_american","missense_variant","chr17:g.56772394A>C"
"134","rad51c","17-56772411-G-A","rs876658197","Uncertain","Latino_admixed_american","missense_variant","chr17:g.56772411G>A"
"135","rad51c","17-56772477-C-T","rs1402638488","Uncertain","Latino_admixed_american","missense_variant","chr17:g.56772477C>T"
"136","rad51c","17-56772481-G-A","rs370212314","Uncertain","Latino_admixed_american","missense_variant","chr17:g.56772481G>A"
"137","rad51c","17-56772516-T-A","rs1273995533","Uncertain","Latino_admixed_american","missense_variant","chr17:g.56772516T>A"
"138","rad51c","17-56774079-A-T","rs1271229750","Uncertain","Latino_admixed_american","missense_variant","chr17:g.56774079A>T"
"139","rad51c","17-56774109-G-A","rs1194019460","Uncertain","Latino_admixed_american","missense_variant","chr17:g.56774109G>A"
"140","rad51c","17-56774137-G-A","rs1235906176","Uncertain","Latino_admixed_american","missense_variant","chr17:g.56774137G>A"
"141","rad51c","17-56774151-A-G","rs587781490","Uncertain","Latino_admixed_american","missense_variant","chr17:g.56774151A>G"
"142","rad51c","17-56774152-G-A","rs1463646629","Uncertain","Latino_admixed_american","missense_variant","chr17:g.56774152G>A"
"143","rad51c","17-56774163-C-G","rs876660732","Uncertain","Latino_admixed_american","missense_variant","chr17:g.56774163C>G"
"144","rad51c","17-56774186-C-A","rs372385738","Uncertain","Latino_admixed_american","missense_variant","chr17:g.56774186C>A"
"145","rad51c","17-56774212-A-T","rs587781680","Uncertain","Latino_admixed_american","missense_variant","chr17:g.56774212A>T"
"146","rad51c","17-56780592-A-G","rs538884532","Uncertain","Latino_admixed_american","missense_variant","chr17:g.56780592A>G"
"147","rad51c","17-56798135-A-G","rs1390237532","Uncertain","Latino_admixed_american","missense_variant","chr17:g.56798135A>G"
"148","rad51c","17-56809891-CTGTTTCAAATCA-C","rs780080251","Uncertain","Latino_admixed_american","inframe_deletion","chr17:g.56809892_56809903del"
"149","rad51c","17-56811507-C-A","rs786203771","Uncertain","Latino_admixed_american","missense_variant","chr17:g.56811507C>A"
"150","rad51c","17-56811545-A-C","rs1350543873","Uncertain","Latino_admixed_american","missense_variant","chr17:g.56811545A>C"
"151","rad51c","17-56811514-A-G","rs201000407","Benign","East_asian","missense_variant","chr17:g.56811514A>G"
"152","rad51c","17-56774103-G-GCAGGGGGAGGAGTGT",NA,"Not_annotated","East_asian","inframe_insertion","chr17:g.56774103_56774104insCAGGGGGAGGAGTGT"
"153","rad51c","17-56783883-T-C","rs1464811290","Not_annotated","East_asian","missense_variant","chr17:g.56783883T>C"
"154","rad51c","17-56783916-A-G","rs1477247377","Not_annotated","East_asian","missense_variant","chr17:g.56783916A>G"
"155","rad51c","17-56783925-C-T","rs1157083072","Not_annotated","East_asian","missense_variant","chr17:g.56783925C>T"
"156","rad51c","17-56783958-C-T","rs1350773375","Not_annotated","East_asian","missense_variant","chr17:g.56783958C>T"
"157","rad51c","17-56783961-G-A","rs902194765","Not_annotated","East_asian","missense_variant","chr17:g.56783961G>A"
"158","rad51c","17-56811519-C-A","rs773843495","Not_annotated","East_asian","stop_gained","chr17:g.56811519C>A"
"159","rad51c","17-56770017-A-T","rs1314517659","Uncertain","East_asian","missense_variant","chr17:g.56770017A>T"
"160","rad51c","17-56770071-G-A","rs1386696811","Uncertain","East_asian","missense_variant","chr17:g.56770071G>A"
"161","rad51c","17-56770075-G-A","rs777554369","Uncertain","East_asian","missense_variant","chr17:g.56770075G>A"
"162","rad51c","17-56770132-C-T","rs766958594","Uncertain","East_asian","missense_variant","chr17:g.56770132C>T"
"163","rad51c","17-56770149-G-A","rs753709131","Uncertain","East_asian","missense_variant","chr17:g.56770149G>A"
"164","rad51c","17-56772336-A-G","rs770335248","Uncertain","East_asian","missense_variant","chr17:g.56772336A>G"
"165","rad51c","17-56772376-G-C","rs1449359018","Uncertain","East_asian","missense_variant","chr17:g.56772376G>C"
"166","rad51c","17-56772379-C-T","rs112832782","Uncertain","East_asian","missense_variant","chr17:g.56772379C>T"
"167","rad51c","17-56772399-T-G","rs1060502595","Uncertain","East_asian","missense_variant","chr17:g.56772399T>G"
"168","rad51c","17-56772547-T-C","rs1233795152","Uncertain","East_asian","missense_variant","chr17:g.56772547T>C"
"169","rad51c","17-56774055-A-T","rs587780254","Uncertain","East_asian","missense_variant","chr17:g.56774055A>T"
"170","rad51c","17-56774122-T-C","rs1394901462","Uncertain","East_asian","missense_variant","chr17:g.56774122T>C"
"171","rad51c","17-56774202-G-GAAA","rs776534031","Uncertain","East_asian","inframe_insertion","chr17:g.56774202_56774203insAAA"
"172","rad51c","17-56801440-T-G","rs747637997","Uncertain","East_asian","missense_variant","chr17:g.56801440T>G"
"173","rad51c","17-56811503-G-A","rs1160208500","Uncertain","East_asian","missense_variant","chr17:g.56811503G>A"
"174","rad51c","17-56770150-G-A","rs757128712","Pathogenic","East_asian","splice_donor_variant","chr17:g.56770150G>A"
"175","rad51c","17-56772535-G-GA","rs1213785938","Pathogenic","East_asian","frameshift_variant","chr17:g.56772535_56772536insA"
"176","rad51c","17-56801399-A-C","rs779582317","Pathogenic","East_asian","splice_acceptor_variant","chr17:g.56801399A>C"
"177","rad51c","17-56770026-T-A","rs1349262257","Not_annotated","South_asian","missense_variant","chr17:g.56770026T>A"
"178","rad51c","17-56770034-G-A","rs775871420","Not_annotated","South_asian","missense_variant","chr17:g.56770034G>A"
"179","rad51c","17-56770095-G-A","rs747492326","Not_annotated","South_asian","missense_variant","chr17:g.56770095G>A"
"180","rad51c","17-56770107-G-A","rs1432320770","Not_annotated","South_asian","missense_variant","chr17:g.56770107G>A"
"181","rad51c","17-56772333-AT-A","rs876659694","Not_annotated","South_asian","frameshift_variant","chr17:g.56772334del"
"182","rad51c","17-56772354-A-C","rs771189870","Not_annotated","South_asian","missense_variant","chr17:g.56772354A>C"
"183","rad51c","17-56772538-A-G","rs762761380","Not_annotated","South_asian","missense_variant","chr17:g.56772538A>G"
"184","rad51c","17-56774192-G-T","rs777351392","Not_annotated","South_asian","missense_variant","chr17:g.56774192G>T"
"185","rad51c","17-56774215-G-C","rs1240012999","Not_annotated","South_asian","missense_variant","chr17:g.56774215G>C"
"186","rad51c","17-56780582-C-A","rs1310279611","Not_annotated","South_asian","missense_variant","chr17:g.56780582C>A"
"187","rad51c","17-56783874-C-G","rs1329225113","Not_annotated","South_asian","missense_variant","chr17:g.56783874C>G"
"188","rad51c","17-56783918-G-C","rs765895141","Not_annotated","South_asian","missense_variant","chr17:g.56783918G>C"
"189","rad51c","17-56783943-G-A","rs778190314","Not_annotated","South_asian","missense_variant","chr17:g.56783943G>A"
"190","rad51c","17-56783962-G-T","rs999097662","Not_annotated","South_asian","missense_variant","chr17:g.56783962G>T"
"191","rad51c","17-56787348-A-C","rs543416334","Not_annotated","South_asian","missense_variant","chr17:g.56787348A>C"
"192","rad51c","17-56809881-A-G","rs774178030","Not_annotated","South_asian","missense_variant","chr17:g.56809881A>G"
"193","rad51c","17-56809920-A-G","rs563317734","Not_annotated","South_asian","stop_lost","chr17:g.56809920A>G"
"194","rad51c","17-56811495-A-C","rs111614311","Not_annotated","South_asian","missense_variant","chr17:g.56811495A>C"
"195","rad51c","17-56770039-G-C","rs764394130","Uncertain","South_asian","missense_variant","chr17:g.56770039G>C"
"196","rad51c","17-56770065-C-G","rs752608224","Uncertain","South_asian","missense_variant","chr17:g.56770065C>G"
"197","rad51c","17-56770077-G-A","rs757116652","Uncertain","South_asian","missense_variant","chr17:g.56770077G>A"
"198","rad51c","17-56770090-C-T","rs876659683","Uncertain","South_asian","missense_variant","chr17:g.56770090C>T"
"199","rad51c","17-56770105-C-T","rs762230288","Uncertain","South_asian","missense_variant","chr17:g.56770105C>T"
"200","rad51c","17-56770125-G-A","rs879254131","Uncertain","South_asian","missense_variant","chr17:g.56770125G>A"
"201","rad51c","17-56772298-G-T","rs758236529","Uncertain","South_asian","missense_variant","chr17:g.56772298G>T"
"202","rad51c","17-56772465-C-G","rs752817595","Uncertain","South_asian","missense_variant","chr17:g.56772465C>G"
"203","rad51c","17-56772534-G-A","rs773293999","Uncertain","South_asian","missense_variant","chr17:g.56772534G>A"
"204","rad51c","17-56772549-T-C","rs878855178","Uncertain","South_asian","missense_variant","chr17:g.56772549T>C"
"205","rad51c","17-56774100-G-A","rs753912045","Uncertain","South_asian","missense_variant","chr17:g.56774100G>A"
"206","rad51c","17-56774130-G-C","rs768903850","Uncertain","South_asian","missense_variant","chr17:g.56774130G>C"
"207","rad51c","17-56780626-G-A","rs760911964","Uncertain","South_asian","missense_variant","chr17:g.56780626G>A"
"208","rad51c","17-56780673-C-T","rs751528808","Uncertain","South_asian","missense_variant","chr17:g.56780673C>T"
"209","rad51c","17-56780689-A-C","rs748043225","Uncertain","South_asian","missense_variant","chr17:g.56780689A>C"
"210","rad51c","17-56787224-G-C","rs370393672","Uncertain","South_asian","missense_variant","chr17:g.56787224G>C"
"211","rad51c","17-56787229-G-C","rs1064795326","Uncertain","South_asian","missense_variant","chr17:g.56787229G>C"
"212","rad51c","17-56787289-A-G","rs779954908","Uncertain","South_asian","missense_variant","chr17:g.56787289A>G"
"213","rad51c","17-56787318-A-T","rs1186483962","Uncertain","South_asian","missense_variant","chr17:g.56787318A>T"
"214","rad51c","17-56798172-A-C","rs761799817","Uncertain","South_asian","missense_variant","chr17:g.56798172A>C"
"215","rad51c","17-56801427-A-G","rs876660547","Uncertain","South_asian","missense_variant","chr17:g.56801427A>G"
"216","rad51c","17-56809856-T-C","rs749208768","Uncertain","South_asian","missense_variant","chr17:g.56809856T>C"
"217","rad51c","17-56809902-C-A","rs775672074","Uncertain","South_asian","stop_gained","chr17:g.56809902C>A"
"218","rad51c","17-56811500-G-C","rs1473651696","Uncertain","South_asian","missense_variant","chr17:g.56811500G>C"
"219","rad51c","17-56811570-A-C","rs758223998","Uncertain","South_asian","missense_variant","chr17:g.56811570A>C"
"220","rad51c","17-56772551-G-A","rs757693213","Pathogenic","South_asian","splice_donor_variant","chr17:g.56772551G>A"
"221","rad51c","17-56774218-AG-A","rs1327086366","Pathogenic","South_asian","frameshift_variant","chr17:g.56774219del"
"222","rad51c","17-56780604-CAT-C","rs1381428553","Pathogenic","South_asian","frameshift_variant","chr17:g.56780605_56780606del"
"223","rad51c","17-56780686-C-G","rs587782818","Pathogenic","South_asian","stop_gained","chr17:g.56780686C>G"
"224","rad51c","17-56809884-C-A","rs759292615","Pathogenic","South_asian","stop_gained","chr17:g.56809884C>A"
"225","rad51d","17-33434403-T-TG","rs730882119","Pathogenic","African_american","frameshift_variant","chr17:g.33434403_33434404insG"
"226","rad51d","17-33446133-G-T","rs587782736","Pathogenic","African_american","stop_gained","chr17:g.33446133G>T"
"227","rad51d","17-33427992-A-C","rs1281036710","Uncertain","African_american","missense_variant","chr17:g.33427992A>C"
"228","rad51d","17-33428015-C-A","rs786203144","Uncertain","African_american","missense_variant","chr17:g.33428015C>A"
"229","rad51d","17-33428019-A-G","rs587781878","Uncertain","African_american","missense_variant","chr17:g.33428019A>G"
"230","rad51d","17-33428037-T-C","rs786201961","Uncertain","African_american","missense_variant","chr17:g.33428037T>C"
"231","rad51d","17-33428284-G-C","rs548111162","Uncertain","African_american","missense_variant","chr17:g.33428284G>C"
"232","rad51d","17-33428356-T-G","rs371350110","Uncertain","African_american","missense_variant","chr17:g.33428356T>G"
"233","rad51d","17-33428359-C-T","rs1056851142","Uncertain","African_american","missense_variant","chr17:g.33428359C>T"
"234","rad51d","17-33428366-G-C","rs137886232","Uncertain","African_american","missense_variant","chr17:g.33428366G>C"
"235","rad51d","17-33430551-A-C","rs1281145358","Uncertain","African_american","missense_variant","chr17:g.33430551A>C"
"236","rad51d","17-33433472-A-G","rs370679685","Uncertain","African_american","missense_variant","chr17:g.33433472A>G"
"237","rad51d","17-33434032-G-T","rs767981911","Uncertain","African_american","missense_variant","chr17:g.33434032G>T"
"238","rad51d","17-33434423-T-C","rs781378161","Uncertain","African_american","missense_variant","chr17:g.33434423T>C"
"239","rad51d","17-33434429-C-G","rs1060502951","Uncertain","African_american","missense_variant","chr17:g.33434429C>G"
"240","rad51d","17-33434438-A-T","rs730881946","Uncertain","African_american","missense_variant","chr17:g.33434438A>T"
"241","rad51d","17-33434462-C-T","rs371561526","Uncertain","African_american","missense_variant","chr17:g.33434462C>T"
"242","rad51d","17-33445533-T-C","rs200018296","Uncertain","African_american","missense_variant","chr17:g.33445533T>C"
"243","rad51d","17-33445566-C-T","rs369946779","Uncertain","African_american","missense_variant","chr17:g.33445566C>T"
"244","rad51d","17-33446173-G-A","rs876658968","Uncertain","African_american","missense_variant","chr17:g.33446173G>A"
"245","rad51d","17-33446583-A-G","rs1464129449","Uncertain","African_american","missense_variant","chr17:g.33446583A>G"
"246","rad51d","17-33446629-C-T","rs372082751","Uncertain","African_american","missense_variant","chr17:g.33446629C>T"
"247","rad51d","17-33428287-T-C","rs1468391995","Not_annotated","African_american","missense_variant","chr17:g.33428287T>C"
"248","rad51d","17-33433491-G-A","rs878854564","Not_annotated","African_american","missense_variant","chr17:g.33433491G>A"
"249","rad51d","17-33434455-A-C","rs547475238","Not_annotated","African_american","missense_variant","chr17:g.33434455A>C"
"250","rad51d","17-33443909-C-T","rs761294554","Not_annotated","African_american","missense_variant","chr17:g.33443909C>T"
"251","rad51d","17-33443899-C-G","rs1310166106","Benign","Non_finnish_european","missense_variant","chr17:g.33443899C>G"
"252","rad51d","17-33443923-G-GA","rs755753106","Benign","Non_finnish_european","frameshift_variant","chr17:g.33443923_33443924insA"
"253","rad51d","17-33428236-GC-G","rs761589376","Pathogenic","Non_finnish_european","frameshift_variant","chr17:g.33428237del"
"254","rad51d","17-33428320-C-T","rs750219200","Pathogenic","Non_finnish_european","stop_gained","chr17:g.33428320C>T"
"255","rad51d","17-33428374-TG-T","rs587780105","Pathogenic","Non_finnish_european","frameshift_variant","chr17:g.33428375del"
"256","rad51d","17-33430317-G-A","rs587780104","Pathogenic","Non_finnish_european","stop_gained","chr17:g.33430317G>A"
"257","rad51d","17-33430485-G-A","rs771007945","Pathogenic","Non_finnish_european","stop_gained","chr17:g.33430485G>A"
"258","rad51d","17-33430491-C-A","rs775365939","Pathogenic","Non_finnish_european","stop_gained","chr17:g.33430491C>A"
"259","rad51d","17-33434036-G-A","rs587781756","Pathogenic","Non_finnish_european","stop_gained","chr17:g.33434036G>A"
"260","rad51d","17-33443903-G-A","rs774000286","Pathogenic","Non_finnish_european","stop_gained","chr17:g.33443903G>A"
"261","rad51d","17-33427974-A-G","rs1376900239","Not_annotated","Non_finnish_european","stop_lost","chr17:g.33427974A>G"
"262","rad51d","17-33428021-G-A","rs756616712","Not_annotated","Non_finnish_european","missense_variant","chr17:g.33428021G>A"
"263","rad51d","17-33428278-T-G","rs1402747063","Not_annotated","Non_finnish_european","missense_variant","chr17:g.33428278T>G"
"264","rad51d","17-33428350-C-A","rs777103576","Not_annotated","Non_finnish_european","missense_variant","chr17:g.33428350C>A"
"265","rad51d","17-33428369-T-C","rs1173524549","Not_annotated","Non_finnish_european","missense_variant","chr17:g.33428369T>C"
"266","rad51d","17-33433463-A-G","rs1355491188","Not_annotated","Non_finnish_european","missense_variant","chr17:g.33433463A>G"
"267","rad51d","17-33434085-A-T","rs1419080369","Not_annotated","Non_finnish_european","stop_gained","chr17:g.33434085A>T"
"268","rad51d","17-33434428-T-C",NA,"Not_annotated","Non_finnish_european","missense_variant","chr17:g.33434428T>C"
"269","rad51d","17-33443909-C-G","rs761294554","Not_annotated","Non_finnish_european","missense_variant","chr17:g.33443909C>G"
"270","rad51d","17-33443910-GA-G","rs767039876","Not_annotated","Non_finnish_european","frameshift_variant","chr17:g.33443911del"
"271","rad51d","17-33443920-A-T","rs1376611969","Not_annotated","Non_finnish_european","missense_variant","chr17:g.33443920A>T"
"272","rad51d","17-33443931-A-C","rs1264140136","Not_annotated","Non_finnish_european","missense_variant","chr17:g.33443931A>C"
"273","rad51d","17-33443965-A-G","rs1362815142","Not_annotated","Non_finnish_european","stop_lost","chr17:g.33443965A>G"
"274","rad51d","17-33443985-C-G","rs749021705","Not_annotated","Non_finnish_european","missense_variant","chr17:g.33443985C>G"
"275","rad51d","17-33443993-T-C","rs370773225","Not_annotated","Non_finnish_european","missense_variant","chr17:g.33443993T>C"
"276","rad51d","17-33443996-C-A","rs771521302","Not_annotated","Non_finnish_european","missense_variant","chr17:g.33443996C>A"
"277","rad51d","17-33443996-C-T","rs771521302","Not_annotated","Non_finnish_european","missense_variant","chr17:g.33443996C>T"
"278","rad51d","17-33443999-C-CG","rs758114318","Not_annotated","Non_finnish_european","frameshift_variant","chr17:g.33443999_33444000insG"
"279","rad51d","17-33444043-T-C","rs753188644","Not_annotated","Non_finnish_european","missense_variant","chr17:g.33444043T>C"
"280","rad51d","17-33444053-A-G","rs757555839","Not_annotated","Non_finnish_european","missense_variant","chr17:g.33444053A>G"
"281","rad51d","17-33445571-A-G","rs559850711","Not_annotated","Non_finnish_european","missense_variant","chr17:g.33445571A>G"
"282","rad51d","17-33445596-C-G","rs777402267","Not_annotated","Non_finnish_european","missense_variant","chr17:g.33445596C>G"
"283","rad51d","17-33446152-T-C","rs750412372","Not_annotated","Non_finnish_european","missense_variant","chr17:g.33446152T>C"
"284","rad51d","17-33446739-G-A",NA,"Not_annotated","Non_finnish_european","missense_variant","chr17:g.33446739G>A"
"285","rad51d","17-33446744-G-C","rs772276064","Not_annotated","Non_finnish_european","missense_variant","chr17:g.33446744G>C"
"286","rad51d","17-33446767-G-A","rs1230823684","Not_annotated","Non_finnish_european","missense_variant","chr17:g.33446767G>A"
"287","rad51d","17-33446773-A-T","rs1421946926","Not_annotated","Non_finnish_european","missense_variant","chr17:g.33446773A>T"
"288","rad51d","17-33446776-A-G","rs1390798395","Not_annotated","Non_finnish_european","missense_variant","chr17:g.33446776A>G"
"289","rad51d","17-33427987-C-A","rs762625437","Uncertain","Non_finnish_european","missense_variant","chr17:g.33427987C>A"
"290","rad51d","17-33428000-C-A","rs763683070","Uncertain","Non_finnish_european","missense_variant","chr17:g.33428000C>A"
"291","rad51d","17-33428026-AATGTCTACC-A","rs886052817","Uncertain","Non_finnish_european","inframe_deletion","chr17:g.33428027_33428035del"
"292","rad51d","17-33428028-T-C","rs755265519","Uncertain","Non_finnish_european","missense_variant","chr17:g.33428028T>C"
"293","rad51d","17-33428044-G-C","rs1316114457","Uncertain","Non_finnish_european","missense_variant","chr17:g.33428044G>C"
"294","rad51d","17-33428048-C-T","rs200615280","Uncertain","Non_finnish_european","missense_variant","chr17:g.33428048C>T"
"295","rad51d","17-33428224-C-T","rs761290755","Uncertain","Non_finnish_european","missense_variant","chr17:g.33428224C>T"
"296","rad51d","17-33428279-C-G","rs1447892901","Uncertain","Non_finnish_european","missense_variant","chr17:g.33428279C>G"
"297","rad51d","17-33428294-G-C","rs1285339297","Uncertain","Non_finnish_european","missense_variant","chr17:g.33428294G>C"
"298","rad51d","17-33428299-C-T","rs368914740","Uncertain","Non_finnish_european","missense_variant","chr17:g.33428299C>T"
"299","rad51d","17-33428317-C-T","rs876658762","Uncertain","Non_finnish_european","missense_variant","chr17:g.33428317C>T"
"300","rad51d","17-33428329-C-G","rs1466324380","Uncertain","Non_finnish_european","missense_variant","chr17:g.33428329C>G"
"301","rad51d","17-33428338-G-A","rs730881950","Uncertain","Non_finnish_european","missense_variant","chr17:g.33428338G>A"
"302","rad51d","17-33428339-G-T","rs1340405420","Uncertain","Non_finnish_european","missense_variant","chr17:g.33428339G>T"
"303","rad51d","17-33428341-T-G","rs1060502964","Uncertain","Non_finnish_european","missense_variant","chr17:g.33428341T>G"
"304","rad51d","17-33428347-C-T","rs771473156","Uncertain","Non_finnish_european","missense_variant","chr17:g.33428347C>T"
"305","rad51d","17-33428371-A-T","rs778847822","Uncertain","Non_finnish_european","missense_variant","chr17:g.33428371A>T"
"306","rad51d","17-33428372-T-C","rs540273429","Uncertain","Non_finnish_european","missense_variant","chr17:g.33428372T>C"
"307","rad51d","17-33428378-T-C","rs730881949","Uncertain","Non_finnish_european","missense_variant","chr17:g.33428378T>C"
"308","rad51d","17-33430296-G-C","rs770250516","Uncertain","Non_finnish_european","missense_variant","chr17:g.33430296G>C"
"309","rad51d","17-33430511-G-T","rs376855484","Uncertain","Non_finnish_european","missense_variant","chr17:g.33430511G>T"
"310","rad51d","17-33430556-C-T","rs779231465","Uncertain","Non_finnish_european","missense_variant","chr17:g.33430556C>T"
"311","rad51d","17-33433412-G-A","rs1435997941","Uncertain","Non_finnish_european","missense_variant","chr17:g.33433412G>A"
"312","rad51d","17-33433422-C-T","rs1474938268","Uncertain","Non_finnish_european","missense_variant","chr17:g.33433422C>T"
"313","rad51d","17-33433490-A-G","rs769287847","Uncertain","Non_finnish_european","missense_variant","chr17:g.33433490A>G"
"314","rad51d","17-33434015-C-T","rs762168532","Uncertain","Non_finnish_european","missense_variant","chr17:g.33434015C>T"
"315","rad51d","17-33434065-A-G","rs780938875","Uncertain","Non_finnish_european","missense_variant","chr17:g.33434065A>G"
"316","rad51d","17-33434068-C-T","rs730881945","Uncertain","Non_finnish_european","missense_variant","chr17:g.33434068C>T"
"317","rad51d","17-33434074-T-A","rs201676898","Uncertain","Non_finnish_european","missense_variant","chr17:g.33434074T>A"
"318","rad51d","17-33434075-T-G","rs141690729","Uncertain","Non_finnish_european","missense_variant","chr17:g.33434075T>G"
"319","rad51d","17-33434110-T-A","rs144603589","Uncertain","Non_finnish_european","missense_variant","chr17:g.33434110T>A"
"320","rad51d","17-33434141-C-T","rs753009349","Uncertain","Non_finnish_european","missense_variant","chr17:g.33434141C>T"
"321","rad51d","17-33434396-C-T","rs753856224","Uncertain","Non_finnish_european","missense_variant","chr17:g.33434396C>T"
"322","rad51d","17-33434416-A-G","rs368838910","Uncertain","Non_finnish_european","missense_variant","chr17:g.33434416A>G"
"323","rad51d","17-33434444-C-A","rs762951311","Uncertain","Non_finnish_european","missense_variant","chr17:g.33434444C>A"
"324","rad51d","17-33443935-G-C","rs1192914615","Uncertain","Non_finnish_european","missense_variant","chr17:g.33443935G>C"
"325","rad51d","17-33445524-C-T","rs767681165","Uncertain","Non_finnish_european","missense_variant","chr17:g.33445524C>T"
"326","rad51d","17-33445575-C-T","rs142189122","Uncertain","Non_finnish_european","missense_variant","chr17:g.33445575C>T"
"327","rad51d","17-33445578-C-T","rs763439048","Uncertain","Non_finnish_european","missense_variant","chr17:g.33445578C>T"
"328","rad51d","17-33445593-A-G","rs371182137","Uncertain","Non_finnish_european","missense_variant","chr17:g.33445593A>G"
"329","rad51d","17-33445596-C-A","rs777402267","Uncertain","Non_finnish_european","missense_variant","chr17:g.33445596C>A"
"330","rad51d","17-33445598-G-A","rs374357106","Uncertain","Non_finnish_european","missense_variant","chr17:g.33445598G>A"
"331","rad51d","17-33445604-T-C","rs780689600","Uncertain","Non_finnish_european","missense_variant","chr17:g.33445604T>C"
"332","rad51d","17-33445622-C-A","rs876658172","Uncertain","Non_finnish_european","missense_variant","chr17:g.33445622C>A"
"333","rad51d","17-33446143-C-T","rs374730714","Uncertain","Non_finnish_european","missense_variant","chr17:g.33446143C>T"
"334","rad51d","17-33446556-T-C","rs1060502961","Uncertain","Non_finnish_european","missense_variant","chr17:g.33446556T>C"
"335","rad51d","17-33446565-T-C","rs990062370","Uncertain","Non_finnish_european","missense_variant","chr17:g.33446565T>C"
"336","rad51d","17-33446589-T-A",NA,"Uncertain","Non_finnish_european","missense_variant","chr17:g.33446589T>A"
"337","rad51d","17-33446595-G-A","rs1064795830","Uncertain","Non_finnish_european","missense_variant","chr17:g.33446595G>A"
"338","rad51d","17-33446599-G-C","rs773065220","Uncertain","Non_finnish_european","missense_variant","chr17:g.33446599G>C"
"339","rad51d","17-33446607-C-A","rs140825795","Uncertain","Non_finnish_european","missense_variant","chr17:g.33446607C>A"
"340","rad51d","17-33446629-C-A","rs372082751","Uncertain","Non_finnish_european","missense_variant","chr17:g.33446629C>A"
"341","rad51d","17-33446630-C-CA","rs772306012","Uncertain","Non_finnish_european","frameshift_variant","chr17:g.33446630_33446631insA"
"342","rad51d","17-33430331-A-T","rs773485482","Not_annotated","Latino_admixed_american","missense_variant","chr17:g.33430331A>T"
"343","rad51d","17-33433457-A-G","rs1416631196","Not_annotated","Latino_admixed_american","missense_variant","chr17:g.33433457A>G"
"344","rad51d","17-33434418-T-G","rs771372627","Not_annotated","Latino_admixed_american","missense_variant","chr17:g.33434418T>G"
"345","rad51d","17-33434452-A-G","rs768717805","Not_annotated","Latino_admixed_american","missense_variant","chr17:g.33434452A>G"
"346","rad51d","17-33443881-G-C","rs1369247351","Not_annotated","Latino_admixed_american","stop_gained","chr17:g.33443881G>C"
"347","rad51d","17-33443981-C-T","rs1231166114","Not_annotated","Latino_admixed_american","missense_variant","chr17:g.33443981C>T"
"348","rad51d","17-33446184-G-T","rs374725981","Not_annotated","Latino_admixed_american","missense_variant","chr17:g.33446184G>T"
"349","rad51d","17-33446602-C-T","rs776471760","Not_annotated","Latino_admixed_american","missense_variant","chr17:g.33446602C>T"
"350","rad51d","17-33446604-G-C","rs759505297","Not_annotated","Latino_admixed_american","missense_variant","chr17:g.33446604G>C"
"351","rad51d","17-33446764-G-C","rs745721591","Not_annotated","Latino_admixed_american","missense_variant","chr17:g.33446764G>C"
"352","rad51d","17-33446797-T-TG",NA,"Not_annotated","Latino_admixed_american","frameshift_variant","chr17:g.33446797_33446798insG"
"353","rad51d","17-33446178-AAC-A","rs786203137","Pathogenic","Latino_admixed_american","frameshift_variant","chr17:g.33446179_33446180del"
"354","rad51d","17-33427986-C-T","rs587780106","Uncertain","Latino_admixed_american","missense_variant","chr17:g.33427986C>T"
"355","rad51d","17-33428012-G-GT","rs1423695400","Uncertain","Latino_admixed_american","frameshift_variant","chr17:g.33428012_33428013insT"
"356","rad51d","17-33428309-G-A","rs1458813748","Uncertain","Latino_admixed_american","missense_variant","chr17:g.33428309G>A"
"357","rad51d","17-33428321-A-T","rs755965977","Uncertain","Latino_admixed_american","missense_variant","chr17:g.33428321A>T"
"358","rad51d","17-33428363-C-T","rs757446541","Uncertain","Latino_admixed_american","missense_variant","chr17:g.33428363C>T"
"359","rad51d","17-33434080-T-C","rs768197423","Uncertain","Latino_admixed_american","missense_variant","chr17:g.33434080T>C"
"360","rad51d","17-33434083-A-G","rs1409370576","Uncertain","Latino_admixed_american","missense_variant","chr17:g.33434083A>G"
"361","rad51d","17-33434101-T-C","rs1165240216","Uncertain","Latino_admixed_american","missense_variant","chr17:g.33434101T>C"
"362","rad51d","17-33434113-G-A","rs1390812423","Uncertain","Latino_admixed_american","missense_variant","chr17:g.33434113G>A"
"363","rad51d","17-33434131-C-T","rs759730492","Uncertain","Latino_admixed_american","missense_variant","chr17:g.33434131C>T"
"364","rad51d","17-33434435-T-G","rs746416079","Uncertain","Latino_admixed_american","missense_variant","chr17:g.33434435T>G"
"365","rad51d","17-33446577-A-G","rs1044486334","Uncertain","Latino_admixed_american","missense_variant","chr17:g.33446577A>G"
"366","rad51d","17-33446628-C-G","rs763716638","Uncertain","Latino_admixed_american","missense_variant","chr17:g.33446628C>G"
"367","rad51d","17-33428267-C-G","rs761054054","Not_annotated","East_asian","missense_variant","chr17:g.33428267C>G"
"368","rad51d","17-33428346-C-A","rs746648511","Not_annotated","East_asian","missense_variant","chr17:g.33428346C>A"
"369","rad51d","17-33430301-A-G","rs1293700433","Not_annotated","East_asian","missense_variant","chr17:g.33430301A>G"
"370","rad51d","17-33430538-T-A","rs1294493413","Not_annotated","East_asian","missense_variant","chr17:g.33430538T>A"
"371","rad51d","17-33434417-T-C","rs746648963","Not_annotated","East_asian","missense_variant","chr17:g.33434417T>C"
"372","rad51d","17-33434447-C-CAGTTT","rs1242354217","Not_annotated","East_asian","frameshift_variant","chr17:g.33434447_33434448insAGTTT"
"373","rad51d","17-33443893-G-T","rs188981311","Not_annotated","East_asian","missense_variant","chr17:g.33443893G>T"
"374","rad51d","17-33443929-C-T","rs1485401788","Not_annotated","East_asian","missense_variant","chr17:g.33443929C>T"
"375","rad51d","17-33443954-C-T","rs758460543","Not_annotated","East_asian","missense_variant","chr17:g.33443954C>T"
"376","rad51d","17-33443973-C-T","rs1311618852","Not_annotated","East_asian","missense_variant","chr17:g.33443973C>T"
"377","rad51d","17-33443994-C-T","rs1246534141","Not_annotated","East_asian","missense_variant","chr17:g.33443994C>T"
"378","rad51d","17-33445595-G-A","rs1486380443","Not_annotated","East_asian","missense_variant","chr17:g.33445595G>A"
"379","rad51d","17-33446749-C-T","rs1229248598","Not_annotated","East_asian","splice_acceptor_variant","chr17:g.33446749C>T"
"380","rad51d","17-33428057-T-A","rs1403784434","Uncertain","East_asian","splice_acceptor_variant","chr17:g.33428057T>A"
"381","rad51d","17-33433431-C-T","rs200009601","Uncertain","East_asian","missense_variant","chr17:g.33433431C>T"
"382","rad51d","17-33434062-G-C","rs757099471","Uncertain","East_asian","missense_variant","chr17:g.33434062G>C"
"383","rad51d","17-33434432-C-T","rs1306179653","Uncertain","East_asian","missense_variant","chr17:g.33434432C>T"
"384","rad51d","17-33443969-C-A","rs780006577","Uncertain","East_asian","missense_variant","chr17:g.33443969C>A"
"385","rad51d","17-33444017-G-A","rs753486358","Uncertain","East_asian","stop_gained","chr17:g.33444017G>A"
"386","rad51d","17-33446139-C-G","rs752907589","Uncertain","East_asian","missense_variant","chr17:g.33446139C>G"
"387","rad51d","17-33446553-G-T","rs139642328","Uncertain","East_asian","missense_variant","chr17:g.33446553G>T"
"388","rad51d","17-33446561-C-A","rs28363257","Uncertain","East_asian","missense_variant","chr17:g.33446561C>A"
"389","rad51d","17-33446590-C-T","rs775510420","Uncertain","East_asian","missense_variant","chr17:g.33446590C>T"
"390","rad51d","17-33434458-T-TTA","rs753862052","Pathogenic","East_asian","frameshift_variant","chr17:g.33434458_33434459insTA"
"391","rad51d","17-33427989-G-A","rs1217001362","Not_annotated","South_asian","stop_gained","chr17:g.33427989G>A"
"392","rad51d","17-33428000-C-T","rs763683070","Not_annotated","South_asian","missense_variant","chr17:g.33428000C>T"
"393","rad51d","17-33428224-C-G","rs761290755","Not_annotated","South_asian","missense_variant","chr17:g.33428224C>G"
"394","rad51d","17-33428375-G-A","rs1400104355","Not_annotated","South_asian","missense_variant","chr17:g.33428375G>A"
"395","rad51d","17-33430319-G-A","rs535851875","Not_annotated","South_asian","missense_variant","chr17:g.33430319G>A"
"396","rad51d","17-33430329-T-C","rs1222420549","Not_annotated","South_asian","missense_variant","chr17:g.33430329T>C"
"397","rad51d","17-33430530-C-G","rs765881830","Not_annotated","South_asian","missense_variant","chr17:g.33430530C>G"
"398","rad51d","17-33434107-C-T","rs773672080","Not_annotated","South_asian","missense_variant","chr17:g.33434107C>T"
"399","rad51d","17-33443935-G-A","rs1192914615","Not_annotated","South_asian","missense_variant","chr17:g.33443935G>A"
"400","rad51d","17-33443939-C-T","rs1388760663","Not_annotated","South_asian","missense_variant","chr17:g.33443939C>T"
"401","rad51d","17-33443945-G-T","rs754145314","Not_annotated","South_asian","missense_variant","chr17:g.33443945G>T"
"402","rad51d","17-33443967-A-G","rs771223975","Not_annotated","South_asian","missense_variant","chr17:g.33443967A>G"
"403","rad51d","17-33444000-G-T","rs199583918","Not_annotated","South_asian","missense_variant","chr17:g.33444000G>T"
"404","rad51d","17-33444037-C-T","rs759954711","Not_annotated","South_asian","missense_variant","chr17:g.33444037C>T"
"405","rad51d","17-33444047-C-A","rs751595346","Not_annotated","South_asian","missense_variant","chr17:g.33444047C>A"
"406","rad51d","17-33444053-A-T","rs757555839","Not_annotated","South_asian","missense_variant","chr17:g.33444053A>T"
"407","rad51d","17-33446764-G-A","rs745721591","Not_annotated","South_asian","missense_variant","chr17:g.33446764G>A"
"408","rad51d","17-33427999-A-ACTCTG","rs771998974","Uncertain","South_asian","frameshift_variant","chr17:g.33427999_33428000insCTCTG"
"409","rad51d","17-33428021-G-C","rs756616712","Uncertain","South_asian","missense_variant","chr17:g.33428021G>C"
"410","rad51d","17-33428028-T-G","rs755265519","Uncertain","South_asian","missense_variant","chr17:g.33428028T>G"
"411","rad51d","17-33428227-G-A","rs1379526157","Uncertain","South_asian","missense_variant","chr17:g.33428227G>A"
"412","rad51d","17-33428288-C-T","rs765271127","Uncertain","South_asian","missense_variant","chr17:g.33428288C>T"
"413","rad51d","17-33428355-G-C","rs569428131","Uncertain","South_asian","missense_variant","chr17:g.33428355G>C"
"414","rad51d","17-33430473-C-T","rs1064793247","Uncertain","South_asian","missense_variant","chr17:g.33430473C>T"
"415","rad51d","17-33433445-A-G","rs777593941","Uncertain","South_asian","missense_variant","chr17:g.33433445A>G"
"416","rad51d","17-33433493-G-T","rs775176916","Uncertain","South_asian","missense_variant","chr17:g.33433493G>T"
"417","rad51d","17-33434072-C-T","rs745842748","Uncertain","South_asian","missense_variant","chr17:g.33434072C>T"
"418","rad51d","17-33434401-C-G","rs587780103","Uncertain","South_asian","missense_variant","chr17:g.33434401C>G"
"419","rad51d","17-33434401-C-A","rs587780103","Uncertain","South_asian","missense_variant","chr17:g.33434401C>A"
"420","rad51d","17-33434437-T-C","rs770147648","Uncertain","South_asian","missense_variant","chr17:g.33434437T>C"
"421","rad51d","17-33445520-C-A","rs757467813","Uncertain","South_asian","missense_variant","chr17:g.33445520C>A"
"422","rad51d","17-33445526-A-G","rs1312421615","Uncertain","South_asian","missense_variant","chr17:g.33445526A>G"
"423","rad51d","17-33445596-C-T","rs777402267","Uncertain","South_asian","missense_variant","chr17:g.33445596C>T"
"424","rad51d","17-33446580-T-C","rs546225564","Uncertain","South_asian","missense_variant","chr17:g.33446580T>C"
"425","rad51d","17-33446604-G-A","rs759505297","Uncertain","South_asian","missense_variant","chr17:g.33446604G>A"
"426","rad51d","17-33446632-T-C","rs561425038","Uncertain","South_asian","start_lost","chr17:g.33446632T>C"
"427","rad51d","17-33434123-CT-C","rs730881935","Pathogenic","South_asian","frameshift_variant","chr17:g.33434124del"
"428","tp53","17-7578376-C-T","rs150607408","Benign","African_american","missense_variant","chr17:g.7578376C>T"
"429","tp53","17-7577097-C-T","rs764146326","Pathogenic","African_american","missense_variant","chr17:g.7577097C>T"
"430","tp53","17-7578191-A-G","rs530941076","Pathogenic","African_american","missense_variant","chr17:g.7578191A>G"
"431","tp53","17-7578457-C-A","rs587782144","Pathogenic","African_american","missense_variant","chr17:g.7578457C>A"
"432","tp53","17-7572944-C-T","rs587783064","Uncertain","African_american","missense_variant","chr17:g.7572944C>T"
"433","tp53","17-7573979-G-C","rs768046010","Uncertain","African_american","missense_variant","chr17:g.7573979G>C"
"434","tp53","17-7574013-G-C","rs150293825","Uncertain","African_american","missense_variant","chr17:g.7574013G>C"
"435","tp53","17-7574026-C-T","rs1286563734","Uncertain","African_american","missense_variant","chr17:g.7574026C>T"
"436","tp53","17-7576569-G-A","rs554738122","Uncertain","African_american","stop_gained","chr17:g.7576569G>A"
"437","tp53","17-7577077-C-G","rs748891343","Uncertain","African_american","missense_variant","chr17:g.7577077C>G"
"438","tp53","17-7578177-C-A","rs267605076","Uncertain","African_american","missense_variant","chr17:g.7578177C>A"
"439","tp53","17-7578466-G-C","rs786202752","Uncertain","African_american","missense_variant","chr17:g.7578466G>C"
"440","tp53","17-7578531-C-T","rs1064795139","Uncertain","African_american","start_lost","chr17:g.7578531C>T"
"441","tp53","17-7579313-G-A","rs786201057","Uncertain","African_american","missense_variant","chr17:g.7579313G>A"
"442","tp53","17-7579317-A-T","rs730881997","Uncertain","African_american","missense_variant","chr17:g.7579317A>T"
"443","tp53","17-7579345-CAAG-C","rs764486868","Uncertain","African_american","inframe_deletion","chr17:g.7579346_7579348del"
"444","tp53","17-7579548-G-T","rs1800371","Uncertain","African_american","missense_variant","chr17:g.7579548G>T"
"445","tp53","17-7579705-CGTT-C","rs201753350","Uncertain","African_american","inframe_deletion","chr17:g.7579706_7579708del"
"446","tp53","17-7579909-C-T","rs769884991","Uncertain","African_american","missense_variant","chr17:g.7579909C>T"
"447","tp53","17-7565303-C-T","rs889845298","Not_annotated","African_american","missense_variant","chr17:g.7565303C>T"
"448","tp53","17-7569559-T-C","rs868721462","Not_annotated","African_american","missense_variant","chr17:g.7569559T>C"
"449","tp53","17-7577068-G-GCGGTTTCCGC","rs764803020","Not_annotated","African_american","frameshift_variant","chr17:g.7577068_7577069insCGGTTTCCGC"
"450","tp53","17-7578181-G-T","rs138983188","Not_annotated","African_american","missense_variant","chr17:g.7578181G>T"
"451","tp53","17-7579512-C-A","rs1237722021","Not_annotated","African_american","missense_variant","chr17:g.7579512C>A"
"452","tp53","17-7572946-T-G","rs587781736","Benign","Non_finnish_european","missense_variant","chr17:g.7572946T>G"
"453","tp53","17-7572974-G-T","rs749061599","Benign","Non_finnish_european","missense_variant","chr17:g.7572974G>T"
"454","tp53","17-7572984-C-T","rs764011631","Benign","Non_finnish_european","missense_variant","chr17:g.7572984C>T"
"455","tp53","17-7572990-C-T","rs1342613419","Benign","Non_finnish_european","missense_variant","chr17:g.7572990C>T"
"456","tp53","17-7573964-C-T","rs1157427821","Benign","Non_finnish_european","missense_variant","chr17:g.7573964C>T"
"457","tp53","17-7576546-G-C","rs200274944","Benign","Non_finnish_european","missense_variant","chr17:g.7576546G>C"
"458","tp53","17-7576626-T-G","rs764562217","Benign","Non_finnish_european","stop_lost","chr17:g.7576626T>G"
"459","tp53","17-7576637-T-G","rs761303879","Benign","Non_finnish_european","missense_variant","chr17:g.7576637T>G"
"460","tp53","17-7576897-G-T","rs764735889","Benign","Non_finnish_european","missense_variant","chr17:g.7576897G>T"
"461","tp53","17-7577061-C-A","rs587780076","Benign","Non_finnish_european","missense_variant","chr17:g.7577061C>A"
"462","tp53","17-7577063-T-C","rs121912663","Benign","Non_finnish_european","missense_variant","chr17:g.7577063T>C"
"463","tp53","17-7577521-T-C","rs746601313","Benign","Non_finnish_european","missense_variant","chr17:g.7577521T>C"
"464","tp53","17-7578372-A-T","rs375275361","Benign","Non_finnish_european","missense_variant","chr17:g.7578372A>T"
"465","tp53","17-7578450-C-T","rs772354334","Benign","Non_finnish_european","missense_variant","chr17:g.7578450C>T"
"466","tp53","17-7579499-G-C","rs372201428","Benign","Non_finnish_european","missense_variant","chr17:g.7579499G>C"
"467","tp53","17-7579582-C-G","rs121912661","Benign","Non_finnish_european","missense_variant","chr17:g.7579582C>G"
"468","tp53","17-7577094-G-A","rs28934574","Pathogenic","Non_finnish_european","missense_variant","chr17:g.7577094G>A"
"469","tp53","17-7577120-C-A","rs28934576","Pathogenic","Non_finnish_european","missense_variant","chr17:g.7577120C>A"
"470","tp53","17-7577124-C-T","rs121912657","Pathogenic","Non_finnish_european","missense_variant","chr17:g.7577124C>T"
"471","tp53","17-7577142-C-A","rs1057519990","Pathogenic","Non_finnish_european","stop_gained","chr17:g.7577142C>A"
"472","tp53","17-7577538-C-T","rs11540652","Pathogenic","Non_finnish_european","missense_variant","chr17:g.7577538C>T"
"473","tp53","17-7577539-G-A","rs121912651","Pathogenic","Non_finnish_european","missense_variant","chr17:g.7577539G>A"
"474","tp53","17-7577559-G-A","rs28934573","Pathogenic","Non_finnish_european","missense_variant","chr17:g.7577559G>A"
"475","tp53","17-7577568-C-T","rs730882005","Pathogenic","Non_finnish_european","missense_variant","chr17:g.7577568C>T"
"476","tp53","17-7578190-T-C","rs121912666","Pathogenic","Non_finnish_european","missense_variant","chr17:g.7578190T>C"
"477","tp53","17-7578263-G-A","rs397516435","Pathogenic","Non_finnish_european","stop_gained","chr17:g.7578263G>A"
"478","tp53","17-7578403-C-A","rs786202962","Pathogenic","Non_finnish_european","missense_variant","chr17:g.7578403C>A"
"479","tp53","17-7578406-C-T","rs28934578","Pathogenic","Non_finnish_european","missense_variant","chr17:g.7578406C>T"
"480","tp53","17-7578529-A-C","rs780442292","Pathogenic","Non_finnish_european","missense_variant","chr17:g.7578529A>C"
"481","tp53","17-7565315-T-C","rs1314477358","Not_annotated","Non_finnish_european","missense_variant","chr17:g.7565315T>C"
"482","tp53","17-7565316-G-T","rs1340523926","Not_annotated","Non_finnish_european","missense_variant","chr17:g.7565316G>T"
"483","tp53","17-7569534-G-C","rs1369719600","Not_annotated","Non_finnish_european","stop_gained","chr17:g.7569534G>C"
"484","tp53","17-7569537-C-T","rs1378564917","Not_annotated","Non_finnish_european","missense_variant","chr17:g.7569537C>T"
"485","tp53","17-7569552-G-A","rs1483708811","Not_annotated","Non_finnish_european","missense_variant","chr17:g.7569552G>A"
"486","tp53","17-7573957-T-C","rs763426446","Not_annotated","Non_finnish_european","missense_variant","chr17:g.7573957T>C"
"487","tp53","17-7576547-T-C","rs1397372864","Not_annotated","Non_finnish_european","missense_variant","chr17:g.7576547T>C"
"488","tp53","17-7576875-T-C","rs1177881399","Not_annotated","Non_finnish_european","missense_variant","chr17:g.7576875T>C"
"489","tp53","17-7577608-C-G","rs746504075","Not_annotated","Non_finnish_european","missense_variant","chr17:g.7577608C>G"
"490","tp53","17-7578453-G-GGC","rs1057521842","Not_annotated","Non_finnish_european","frameshift_variant","chr17:g.7578453_7578454insGC"
"491","tp53","17-7579850-G-C","rs1800369","Not_annotated","Non_finnish_european","missense_variant","chr17:g.7579850G>C"
"492","tp53","17-7572949-G-C","rs927888647","Uncertain","Non_finnish_european","missense_variant","chr17:g.7572949G>C"
"493","tp53","17-7572989-C-A","rs587781858","Uncertain","Non_finnish_european","missense_variant","chr17:g.7572989C>A"
"494","tp53","17-7573940-T-C","rs745751553","Uncertain","Non_finnish_european","missense_variant","chr17:g.7573940T>C"
"495","tp53","17-7573966-T-C","rs752142489","Uncertain","Non_finnish_european","missense_variant","chr17:g.7573966T>C"
"496","tp53","17-7574027-C-G","rs730882028","Uncertain","Non_finnish_european","missense_variant","chr17:g.7574027C>G"
"497","tp53","17-7576872-C-A","rs121912659","Uncertain","Non_finnish_european","missense_variant","chr17:g.7576872C>A"
"498","tp53","17-7576896-T-C","rs1159579789","Uncertain","Non_finnish_european","missense_variant","chr17:g.7576896T>C"
"499","tp53","17-7576900-G-T","rs772773208","Uncertain","Non_finnish_european","missense_variant","chr17:g.7576900G>T"
"500","tp53","17-7577108-C-A","rs763098116","Uncertain","Non_finnish_european","missense_variant","chr17:g.7577108C>A"
"501","tp53","17-7577154-C-T","rs200579969","Uncertain","Non_finnish_european","missense_variant","chr17:g.7577154C>T"
"502","tp53","17-7577505-T-C","rs745425759","Uncertain","Non_finnish_european","missense_variant","chr17:g.7577505T>C"
"503","tp53","17-7577596-A-G","rs1064794312","Uncertain","Non_finnish_european","missense_variant","chr17:g.7577596A>G"
"504","tp53","17-7578188-C-T","rs786201592","Uncertain","Non_finnish_european","missense_variant","chr17:g.7578188C>T"
"505","tp53","17-7578193-G-A","rs1420675064","Uncertain","Non_finnish_european","missense_variant","chr17:g.7578193G>A"
"506","tp53","17-7578194-G-A","rs879253894","Uncertain","Non_finnish_european","missense_variant","chr17:g.7578194G>A"
"507","tp53","17-7578238-T-C","rs1260903787","Uncertain","Non_finnish_european","missense_variant","chr17:g.7578238T>C"
"508","tp53","17-7578262-C-T","rs483352697","Uncertain","Non_finnish_european","missense_variant","chr17:g.7578262C>T"
"509","tp53","17-7578388-C-T","rs397514495","Uncertain","Non_finnish_european","missense_variant","chr17:g.7578388C>T"
"510","tp53","17-7578395-G-T","rs587780070","Uncertain","Non_finnish_european","missense_variant","chr17:g.7578395G>T"
"511","tp53","17-7578400-G-A","rs751477326","Uncertain","Non_finnish_european","missense_variant","chr17:g.7578400G>A"
"512","tp53","17-7578430-T-G","rs1319163924","Uncertain","Non_finnish_european","missense_variant","chr17:g.7578430T>G"
"513","tp53","17-7578458-G-A","rs587780068","Uncertain","Non_finnish_european","missense_variant","chr17:g.7578458G>A"
"514","tp53","17-7578469-C-T","rs762846821","Uncertain","Non_finnish_european","missense_variant","chr17:g.7578469C>T"
"515","tp53","17-7578470-C-T","rs137852789","Uncertain","Non_finnish_european","missense_variant","chr17:g.7578470C>T"
"516","tp53","17-7578476-G-A","rs767328513","Uncertain","Non_finnish_european","missense_variant","chr17:g.7578476G>A"
"517","tp53","17-7578505-G-A","rs779196500","Uncertain","Non_finnish_european","missense_variant","chr17:g.7578505G>A"
"518","tp53","17-7578533-T-C","rs1057280220","Uncertain","Non_finnish_european","start_lost","chr17:g.7578533T>C"
"519","tp53","17-7578555-C-CT","rs751253294","Uncertain","Non_finnish_european","splice_acceptor_variant","chr17:g.7578555_7578556insT"
"520","tp53","17-7579337-C-G","rs755238756","Uncertain","Non_finnish_european","missense_variant","chr17:g.7579337C>G"
"521","tp53","17-7579346-A-G","rs781724995","Uncertain","Non_finnish_european","missense_variant","chr17:g.7579346A>G"
"522","tp53","17-7579353-C-T","rs1423803759","Uncertain","Non_finnish_european","missense_variant","chr17:g.7579353C>T"
"523","tp53","17-7579458-G-A","rs753085009","Uncertain","Non_finnish_european","missense_variant","chr17:g.7579458G>A"
"524","tp53","17-7579458-G-T","rs753085009","Uncertain","Non_finnish_european","missense_variant","chr17:g.7579458G>T"
"525","tp53","17-7579473-G-A","rs587782769","Uncertain","Non_finnish_european","missense_variant","chr17:g.7579473G>A"
"526","tp53","17-7579473-G-T","rs587782769","Uncertain","Non_finnish_european","missense_variant","chr17:g.7579473G>T"
"527","tp53","17-7579532-T-C","rs774656101","Uncertain","Non_finnish_european","missense_variant","chr17:g.7579532T>C"
"528","tp53","17-7579541-T-C","rs759728549","Uncertain","Non_finnish_european","missense_variant","chr17:g.7579541T>C"
"529","tp53","17-7579563-C-T","rs756847009","Uncertain","Non_finnish_european","missense_variant","chr17:g.7579563C>T"
"530","tp53","17-7579580-G-A","rs587781866","Uncertain","Non_finnish_european","missense_variant","chr17:g.7579580G>A"
"531","tp53","17-7579717-G-A","rs922736614","Uncertain","Non_finnish_european","missense_variant","chr17:g.7579717G>A"
"532","tp53","17-7579884-A-C","rs1418778734","Uncertain","Non_finnish_european","missense_variant","chr17:g.7579884A>C"
"533","tp53","17-7579886-G-C","rs757282628","Uncertain","Non_finnish_european","missense_variant","chr17:g.7579886G>C"
"534","tp53","17-7579899-T-C","rs781595324","Uncertain","Non_finnish_european","missense_variant","chr17:g.7579899T>C"
"535","tp53","17-7572958-A-G","rs1060501196","Benign","Latino_admixed_american","missense_variant","chr17:g.7572958A>G"
"536","tp53","17-7576563-A-G","rs1642789","Benign","Latino_admixed_american","missense_variant","chr17:g.7576563A>G"
"537","tp53","17-7576903-A-T","rs762620193","Benign","Latino_admixed_american","missense_variant","chr17:g.7576903A>T"
"538","tp53","17-7578374-C-T","rs1060501206","Benign","Latino_admixed_american","missense_variant","chr17:g.7578374C>T"
"539","tp53","17-7579437-C-T","rs587781307","Benign","Latino_admixed_american","missense_variant","chr17:g.7579437C>T"
"540","tp53","17-7579517-T-C","rs1442824382","Not_annotated","Latino_admixed_american","missense_variant","chr17:g.7579517T>C"
"541","tp53","17-7579897-A-G","rs1357147493","Not_annotated","Latino_admixed_american","missense_variant","chr17:g.7579897A>G"
"542","tp53","17-7572974-G-A","rs749061599","Uncertain","Latino_admixed_american","missense_variant","chr17:g.7572974G>A"
"543","tp53","17-7573005-G-T","rs1289241865","Uncertain","Latino_admixed_american","missense_variant","chr17:g.7573005G>T"
"544","tp53","17-7573942-C-A","rs768803947","Uncertain","Latino_admixed_american","missense_variant","chr17:g.7573942C>A"
"545","tp53","17-7573948-C-T","rs35993958","Uncertain","Latino_admixed_american","missense_variant","chr17:g.7573948C>T"
"546","tp53","17-7576876-C-G","rs1064794810","Uncertain","Latino_admixed_american","missense_variant","chr17:g.7576876C>G"
"547","tp53","17-7577021-C-T","rs1048095040","Uncertain","Latino_admixed_american","missense_variant","chr17:g.7577021C>T"
"548","tp53","17-7577046-C-G","rs201744589","Uncertain","Latino_admixed_american","missense_variant","chr17:g.7577046C>G"
"549","tp53","17-7579341-A-C","rs989692988","Uncertain","Latino_admixed_american","missense_variant","chr17:g.7579341A>C"
"550","tp53","17-7579454-G-C","rs876658527","Uncertain","Latino_admixed_american","missense_variant","chr17:g.7579454G>C"
"551","tp53","17-7579505-T-C","rs1460793472","Uncertain","Latino_admixed_american","missense_variant","chr17:g.7579505T>C"
"552","tp53","17-7579876-G-A","rs1060501208","Uncertain","Latino_admixed_american","missense_variant","chr17:g.7579876G>A"
"553","tp53","17-7579878-G-C","rs1482497533","Uncertain","Latino_admixed_american","missense_variant","chr17:g.7579878G>C"
"554","tp53","17-7579894-C-G","rs587782646","Uncertain","Latino_admixed_american","missense_variant","chr17:g.7579894C>G"
"555","tp53","17-7576566-A-G","rs749361930","Benign","East_asian","missense_variant","chr17:g.7576566A>G"
"556","tp53","17-7576654-G-C","rs764851816","Benign","East_asian","missense_variant","chr17:g.7576654G>C"
"557","tp53","17-7579499-G-A","rs372201428","Benign","East_asian","missense_variant","chr17:g.7579499G>A"
"558","tp53","17-7579542-C-G","rs587780728","Benign","East_asian","missense_variant","chr17:g.7579542C>G"
"559","tp53","17-7579542-C-T","rs587780728","Benign","East_asian","missense_variant","chr17:g.7579542C>T"
"560","tp53","17-7572934-G-T","rs769664911","Not_annotated","East_asian","stop_gained","chr17:g.7572934G>T"
"561","tp53","17-7576581-G-T","rs1223693877","Not_annotated","East_asian","missense_variant","chr17:g.7576581G>T"
"562","tp53","17-7577577-T-A","rs144340710","Not_annotated","East_asian","missense_variant","chr17:g.7577577T>A"
"563","tp53","17-7579345-C-G","rs764486868","Not_annotated","East_asian","missense_variant","chr17:g.7579345C>G"
"564","tp53","17-7579352-C-G","rs1390502714","Not_annotated","East_asian","missense_variant","chr17:g.7579352C>G"
"565","tp53","17-7579460-G-T","rs1235781676","Not_annotated","East_asian","missense_variant","chr17:g.7579460G>T"
"566","tp53","17-7573954-T-A","rs773553186","Uncertain","East_asian","missense_variant","chr17:g.7573954T>A"
"567","tp53","17-7574023-C-T","rs771939956","Uncertain","East_asian","missense_variant","chr17:g.7574023C>T"
"568","tp53","17-7576860-G-A","rs969930693","Uncertain","East_asian","missense_variant","chr17:g.7576860G>A"
"569","tp53","17-7576905-G-A","rs751440465","Uncertain","East_asian","missense_variant","chr17:g.7576905G>A"
"570","tp53","17-7577054-G-A","rs751713111","Uncertain","East_asian","missense_variant","chr17:g.7577054G>A"
"571","tp53","17-7578200-C-T","rs35163653","Uncertain","East_asian","missense_variant","chr17:g.7578200C>T"
"572","tp53","17-7579412-G-A","rs1210700121","Uncertain","East_asian","missense_variant","chr17:g.7579412G>A"
"573","tp53","17-7579423-GGCTGGTGCAGGGGCCGCCGGTGTAGGAGCT-G","rs876660951","Uncertain","East_asian","inframe_deletion","chr17:g.7579424_7579453del"
"574","tp53","17-7579473-G-C","rs587782769","Uncertain","East_asian","missense_variant","chr17:g.7579473G>C"
"575","tp53","17-7579558-C-G","rs754332870","Uncertain","East_asian","missense_variant","chr17:g.7579558C>G"
"576","tp53","17-7577547-C-A","rs121912656","Pathogenic","East_asian","missense_variant","chr17:g.7577547C>A"
"577","tp53","17-7577570-C-T","rs587782664","Pathogenic","East_asian","missense_variant","chr17:g.7577570C>T"
"578","tp53","17-7578188-C-A","rs786201592","Pathogenic","East_asian","stop_gained","chr17:g.7578188C>A"
"579","tp53","17-7572932-C-A","rs1192921623","Benign","South_asian","missense_variant","chr17:g.7572932C>A"
"580","tp53","17-7574012-C-G","rs17882252","Benign","South_asian","missense_variant","chr17:g.7574012C>G"
"581","tp53","17-7576568-C-T","rs771319678","Benign","South_asian","missense_variant","chr17:g.7576568C>T"
"582","tp53","17-7577502-G-T","rs876658916","Benign","South_asian","missense_variant","chr17:g.7577502G>T"
"583","tp53","17-7569538-C-T","rs753947213","Not_annotated","South_asian","missense_variant","chr17:g.7569538C>T"
"584","tp53","17-7569541-C-G","rs554512119","Not_annotated","South_asian","missense_variant","chr17:g.7569541C>G"
"585","tp53","17-7572978-G-C","rs1456836660","Not_annotated","South_asian","missense_variant","chr17:g.7572978G>C"
"586","tp53","17-7572980-T-A","rs774269719","Not_annotated","South_asian","missense_variant","chr17:g.7572980T>A"
"587","tp53","17-7573927-C-T","rs749150541","Not_annotated","South_asian","missense_variant","chr17:g.7573927C>T"
"588","tp53","17-7576655-G-T","rs750031971","Not_annotated","South_asian","missense_variant","chr17:g.7576655G>T"
"589","tp53","17-7576868-T-G","rs1000256867","Not_annotated","South_asian","missense_variant","chr17:g.7576868T>G"
"590","tp53","17-7576876-C-T","rs1064794810","Not_annotated","South_asian","missense_variant","chr17:g.7576876C>T"
"591","tp53","17-7578556-T-G","rs786202799","Not_annotated","South_asian","splice_acceptor_variant","chr17:g.7578556T>G"
"592","tp53","17-7573942-C-T","rs768803947","Uncertain","South_asian","missense_variant","chr17:g.7573942C>T"
"593","tp53","17-7577028-T-C","rs587782654","Uncertain","South_asian","missense_variant","chr17:g.7577028T>C"
"594","tp53","17-7578452-T-C","rs377274728","Uncertain","South_asian","missense_variant","chr17:g.7578452T>C"
"595","tp53","17-7578464-G-A","rs563378859","Uncertain","South_asian","missense_variant","chr17:g.7578464G>A"
"596","tp53","17-7579337-C-T","rs755238756","Uncertain","South_asian","missense_variant","chr17:g.7579337C>T"
"597","tp53","17-7579394-G-A","rs1245723119","Uncertain","South_asian","missense_variant","chr17:g.7579394G>A"
"598","tp53","17-7577547-C-T","rs121912656","Pathogenic","South_asian","missense_variant","chr17:g.7577547C>T"
